Is Polyester Safe for Babies?,"1. Polyester Blends
2. Fabrics to Replace Polyester for Babies
"
Is Sewing Hard to Learn (And Can You Teach Yourself)?,"0. Is Sewing Hard to Learn?
1. Is Sewing Worthwhile?
2. How Long Does It Take to Learn to Sew?
3. Can I Teach Myself to Sew?
4. How to Learn to Sew
5. What to Sew as a Beginner
"
What is the Softest T-Shirt Material?,"1. Alternative Soft T-Shirt Fabric Options
2. What is the Softest T-Shirt for Printing?
3. What T-Shirt is Perfect for You?
4. Best Softest T-Shirts
"
What Do You Call a Person Who Sews?,"1. Other Commonly Used Titles for People Who Sew
"
Is Polyester Safe for Babies?,"1. Polyester Blends
2. Fabrics to Replace Polyester for Babies
"
Is Sewing Hard to Learn (And Can You Teach Yourself)?,"0. Is Sewing Hard to Learn?
1. Is Sewing Worthwhile?
2. How Long Does It Take to Learn to Sew?
3. Can I Teach Myself to Sew?
4. How to Learn to Sew
5. What to Sew as a Beginner
"
What is the Softest T-Shirt Material?,"1. Alternative Soft T-Shirt Fabric Options
2. What is the Softest T-Shirt for Printing?
3. What T-Shirt is Perfect for You?
4. Best Softest T-Shirts
"
What Do You Call a Person Who Sews?,"1. Other Commonly Used Titles for People Who Sew
"
How Much Does a T-Shirt Weigh?,"1. Why T-shirt Weight Matters?
2. Average T-Shirt Weight
3. How Does Fabric Material Affect Weight?
4. How Does Shirt Size Affect Weight?
5. Does the Printing Style Affect the T-Shirts Weight?
6. Long Sleeved T-Shirts and Hoodies Weigh
7. How is T-Shirt Weight Advertised?
8. Bella Canvas Tees and Next Level Tees
9. T-Shirt Weight for Shipping
"
Does Rubbing Alcohol Stain Clothes?,"0. How Does Rubbing Alcohol Stain Clothes?
1. Does Rubbing Alcohol Discolor/Bleach Clothes
2. How to Remove Rubbing Alcohol Stains from Clothes
3. How Do You Remove The Bleach Stains Caused By Rubbing Alcohol?
4. How to Remove Stains Caused by Beer and Other Alcoholic Drinks
5. How to Use Rubbing Alcohol to Remove Stains
6. Safety Measures to Observe When Using Rubbing Alcohol
7. What Is the Difference Between Rubbing and Isopropyl Alcohol?
"
What is the Standard Placemat Size?,"1. Common Placemat Styles and Sizes
2. Placemat Size Chart
3. What Size Placemats for Rectangular Table?
4. What Size Placemats for Round Table?
5. What Size Placemats for Oval Table?
6. Quilted Placemat Sizes
7. How to Make a Simple Placemat
8. How to Choose a Placemat Style
9. Where to Buy Placemats
"
What is The Softest Wool in The World?,"0. Is Wool Soft?
1. Softest Wool in the World
2. Other Types of Soft Wool Fabric
3. How to Make Wool Softer
"
Is Polyester Waterproof?,"0. Waterproof vs Water-Resistant Fabric
1. Is Polyester Fabric Waterproof?
2. Does Polyester Absorb Water?
3. Popular Uses of Water-Resistant Polyester Fabric
4. Is Polyester Good for Rain?
5. How to Make Polyester Fabric Waterproof
6. Types of Waterproof Polyester
7. Polyester Blends: Are They Waterproof?
8. Where to Buy Waterproof Polyester
9. Which is More Waterproof, Polyester or Nylon?
"
What are the Advantages and Disadvantages of Polyester Fabric?,"0. What is Polyester & How is It Made?
1. Advantages and Disadvantages of Polyester Fabric
2. What Can You Use Polyester For?
3. Examples of Polyester Products
4. Is Polyester Fabric Good or Bad Material?
5. Is Polyester Sustainable?
"
What Is Bottom Weight Fabric?,"0. Understanding Fabric Weights
1. What Is Bottom Weight Fabric
2. Uses for Bottom Weight Fabric
3. Working with Bottom Weight Fabric
4. Where to Get the Best Bottom Weight Fabric
"
Do Fabric Markers Wash Off?,"0. What is a Fabric Marker?
1. Types of Fabric Markers
3. How Long Do Fabric Markers Take to Dry?
4. How Long Do Fabric Markers Last?
5. How Can You Get Washable Marker Out of Fabric?
6. How to Keep Fabric Markers From Bleeding
7. How to Use Fabric Markers
8. How Do You Wash Clothes After Using Fabric Markers?
9. What to Look for When Buying Fabric Markers
10. Best Fabric Markers
"
Is Polypropylene Fabric Waterproof?,"0. What Does it Mean for a Fabric to be Waterproof Anyway?
1. So, Is Polypropylene Fabric Waterproof?
2. How to Use Waterproof Polypropylene Fabric
"
Is Polyester Warm Enough For Winter?,"0. How Warm is Polyester?
1. Does Polyester Keep You Warm?
2. Properties of Polyester
3. When Can You Wear Polyester Clothes?
4. Cold-Weather Clothing Made of Polyester
5. Is Polyester Warmer Than Wool?
6. Is Polyester Warmer Than Cotton?
7. Polyester and Outdoor Equipment
8. Best Clothing Material for Winter
9. What is the Thinnest Warm Fabric?
"
What Does Polyester Feel Like?,"0. What is Polyester?
2. What Does Polyester Look Like?
3. 100% Polyester Texture
4. What are the Pros and Cons of Polyester?
5. Is Polyester Clingy?
6. Is Polyester Shiny?
7. Polyester vs. Natural Fabrics
8. Should You Buy Polyester?
"
What Is Spun Polyester Fabric?,"0. What is Spun Polyester Fabric?
1. How is Spun Polyester Fabric Made?
2. Is Spun Polyester Waterproof?
3. Is Spun Poly Stretchy?
4. What is Spun Poly Used For?
5. What is the Difference Between Spun Polyester and Polyester?
6. Is Spun Poly Better Than Regular Polyester?
"
What Is Interlock Knit Fabric?,"1. What Is Interlock Knit Fabric Made Of?
2. What Is Interlock Fabric Used For?
3. Benefits of Interlock Knit
4. Is Interlock Knit Fabric Stretchy?
5. What Is The Difference Between Jersey Knit And Interlock Knit?
6. How Do I Know If My Fabric Has Interlock?
7. How To Care For Interlock Knits Fabric
"
What Is The Softest Fabric In The World?,"0. What Determines The Softness Of A Fabric?
1. What Are The Softest Fabrics In The World?
2. Other Soft Fabrics
3. What Is The Softest Material For Clothes?
4. What Is The Most Comfortable Fabric?
"
How Big Is A Yard Of Fabric?,"0. How Big Is a Yard of Fabric?
1. What Are the Different Dimensions of a Yard of Fabric?
2. How Many Inches Are In A Yard Of Fabric
3. How Much Is a Yard of Fabric in Meters?
4. How Long Is A Yard Of Fabric in Centimeters
5. How Wide Is a Yard of Fabric
6. Can You Buy Fabric by Width?
7. What Does 1 Yard of Fabric Look Like
8. How Much Does a Yard of Fabric Cost
9. How To Measure a Yard of Fabric
10. Fabric Yardage Conversion Chart
"
When To Add Fabric Softener To Wash?,"0. What Does Fabric Softener Do?
1. When to Add Fabric Softener to the Washing Machine?
2. When Do You Put Fabric Softener In Front Loader?
3. When to Put Fabric Softener In Top Loader?
4. When Does Fabric Softener Get Dispensed?
5. Can You Put Fabric Softener Directly on Clothes in the Washer?
6. Where Do You Put Fabric Softener In The Washing Machine?
7. Can I Add Fabric Softener To The Beginning Of The Wash?
8. How To Add Fabric Softener Without A Dispenser?
9. When Should You Not Use Fabric Softener?
"
Does Cotton Shrink In the Dryer or When Washed?,"0. What Causes Clothes to Shrink?
1. Does 100% Cotton Shrink?
2. How Much Will 100% Cotton Shrink?
3. Does Cotton Shrink In the Wash?
4. Does Cotton Shrink in the Dryer?
5. How to Shrink a Cotton Shirt, Jeans, Pants
6. How to Unshrink Cotton
"
Does Cotton Stretch?,"0. Does 100% Cotton Stretch?
1. Is Cotton Stretchy?
2. Does Cotton Stretch Over Time?
3. Does Cotton Stretch When It Is Wet?
4. Will Cotton Clothes Stretch After Wash?
5. How Much Does Cotton Stretch?
6. Does Cotton Stretch When You Wear It?
7. How To Stretch 100% Cotton Clothes
8. What Is Stretch Cotton?
9. Can You Stretch Cotton That Has Shrunk?
"
What Is the Best Material for Bed Sheets?,"0. Best Material for Bed Sheets
1. What is Thread Count?
2. Things to Consider When Choosing Best Bed Sheet Material
3. Most Comfortable Bedding Material
4. Most Durable Fabric for Sheets
5. What are the Healthiest Bedsheets?
6. Material for Sheets to Keep You Cool
7. Bed Sheet Material for Hot Sleepers
"
What Are Microfiber Sheets?,"1. What Are Microfiber Sheets Made Of?
2. What Do Microfiber Sheets Feel Like?
3. Are Microfiber Sheets Good Quality?
4. Are Microfiber Sheets Hot?
5. Are Microfiber Sheets Cool?
6. What is Brushed Microfiber?
7. Microfiber Sheets Pros and Cons
8. What is a Good Thread Count for Microfiber Sheets?
9. Bamboo vs Cotton vs Microfiber Sheets: What’s the Difference?
10. Microfiber Sheets vs Flannel
11. Best Microfiber Bed Sheets Reviews
"
Does Denim Shrink?,"1. Do Denim Jeans Shrink In The Washer?
2. Do Jeans Shrink In The Dryer?
3. How Much Do Jeans Shrink and Where?
4. Can You Shrink Denim Jeans Permanently?
5. How To Shrink Denim Jeans at Home
6. How To Shrink A Denim Jacket
7. How to Unshrink Jeans
8. How to Prevent Jeans From Shrinking
"
Does Acetone Stain Clothes?,"0. Does Acetone Stain Fabric?
1. What Is Acetone Made Of?
2. Using Acetone to Remove Grease Stains
3. Does Acetone Leave Residue?
4. Alternative Ways to Remove Nail Polish From Clothes
"
Does Baby Oil Stain Clothes?,"1. Do Baby Oil Stains Come Out?
2. How To Get Baby Oil Out of Clothes?
"
What Are the Best Antique and Vintage Sewing Machines?,"0. Are Old Sewing Machines Valuable?
1. The Best Antique and Vintage Sewing Machines
2. Antique and Vintage Sewing Machine Brands to Look For
3. How to Date a Sewing Machine
4. Where to Buy Vintage Sewing Machines
5. What to Look for When Buying a Vintage Sewing Machine?
6. Tips for Selling a Vintage Sewing Machine
7. Vintage Sewing Machine Parts and Repairs
"
Does Green Tea Stain Clothes?,"1. Are Green Tea Stains Permanent?
2. Does Green Tea Come Out Of Clothes?
3. How to Remove Green Tea Stains From Clothing
"
What Is Modal Fabric?,"0. What is Modal Fabric?
1. How is Modal Fabric Made
2. Types of Modal Material
3. What Does Modal Fabric Feel Like?
4. Is Modal Breathable?
5. Is Modal Fabric Warm?
6. Does Modal Shrink?
7. Is Modal Fabric Stretchy?
8. Does Modal Wrinkle?
9. Is Modal Fabric Sustainable?
10. Pros and Cons of Modal Fabric
11. Modal vs Cotton and Rayon
12. Popular Uses of Modal Fabric
13. Is Modal Fabric Good for Kids?
14. How to Care for Modal Fabric
"
How Much Does Fabric Cost?,"0. How Much Does a Yard of Fabric Cost?
1. What Makes Fabric Expensive?
2. How Much Does a Bolt of Fabric Cost?
3. What is the Most Expensive Type of Fabric?
4. How Much is Cotton Fabric Per Yard?
5. How Much is Satin Fabric Per Yard?
6. How Much is Silk Fabric Per Yard?
7. What are the Best Online Fabric Stores?
8. How Much Does a Yard of Fabric Cost at Joann’s?
9. How Much Does a Yard of Fabric Cost at Walmart?
10. Where Can I Get Fabric For Free/Cheap?
"
Does Food Coloring Stain Clothes?,"1. Is Food Coloring Permanent On Fabric?
2. How to Get Food Coloring Out of Clothes: 5 Easy Methods
3. How to Get Food Coloring Out of Non-Washable Clothes
4. Can You Use Food Coloring to Tie-Dye?
5. Can You Get Food Coloring Out of Carpet and Upholstery?
"
Is Polyester Breathable?,"0. What Makes a Fabric Breathable
1. Is 100% Polyester Breathable Fabric?
2. Is Polyester Good for Hot Weather?
3. Is Polyester Good for Athletic Wear?
4. Is Polyester Breathable for a Face Mask?
5. Is Polyester Breathable for Bedding?
6. Is Polyester Breathable for Underwear?
7. Does Polyester Make You Sweat at Night?
8. Is Polyester Breathable for Babies?
9. Are Polyester Blends Breathable?
10. What Fabric is Most Breathable?
"
Does Acrylic Paint Wash Off Clothes?,"0. Is Acrylic Paint Permanent On Clothes?
2. How To Get Acrylic Paint Off Clothes
3. How to Get Dried Acrylic Paint Out of Clothing
4. Does Acrylic Paint Come Out of Clothes in Wash?
5. Tips for Preventing Acrylic Paint Stains
"
How Much Fabric Do I Need?,"1. How to Calculate Fabric Yardage
2. How Does Fabric Type Effect Yardage
3. How Many Yards of Fabric Do I Need?
4. Fabric Yardage Calculator
"
Is Polyamide Fabric Stretchy?,"0. What is Polyamide Fabric?
1. Is Polyamide Stretchy?
2. Does Polyamide Stretch Over Time?
3. Can You Stretch Polyamide?
4. How To Stretch Polyamide
"
What Is Polyamide Fabric?,"1. What Types of Polyamide Fabrics Are There?
2. Brief History of Polyamide Fabric
3. How Is Polyamide Fabric Made?
4. Where Is Polyamide Fabric Produced?
5. Is Polyamide the Same As Nylon?
6. Is Polyamide Breathable?
7. Is Polyamide Fabric Stretchy?
8. Is Polyamide Fabric Waterproof?
9. Can Polyamide Fabric Be Dyed?
10. Is Polyamide Biodegradable?
11. Is Polyamide Fabric Safe to Wear
12. Polyamide Fabric Uses and Applications
13. How Much Does Polyamide Cost?
14. What Is Polyamide Yarn?
"
How Much Fabric Do I Need for Curtains?,"0. What to Consider Before Choosing Fabric for Curtains
1. Curtain Fabric Calculator
2. How to Measure Fabric for Curtains
3. How To Calculate How Much Fabric I Need for Curtains? 
4. How Many Yards of Fabric for 84-Inch Curtains?
5. How Much Fabric Do I Need for 96-Inch Curtains?
6. How Many Yards of Fabric for 108-Inch Curtains?
"
What Is a Sherpa Blanket?,"0. What Is Sherpa?
1. What Is Sherpa Fleece Used For?
3. What Are the Benefits of Sherpa Blankets?
4. How to Care for a Sherpa Blanket
5. What Are the Best Sherpa Blankets?
6. How Many Types of Fleece Are There?
"
What Is Brocade Fabric?,"0. What is Brocade Fabric?
1. What is Brocade Fabric Made Of?
2. How is Brocade Fabric Made?
3. Types of Brocade Fabric
4. Brocade Fabric Characteristics
5. What is Brocade Fabric Used For?
6. How to Care for Brocade Fabric
7. What is the Difference Between Brocade and Jacquard?
"
What Is Upholstery Fabric?,"0. What is Upholstery Fabric?
1. What is the Difference Between Upholstery Fabric and Regular Fabric?
2. How Can You Tell if Fabric is Upholstery Material?
3. 15 Types of Upholstery Fabric
4. Upholstery Fabric Grades
5. What is the Most Durable Upholstery Fabric?
6. What is the Width of Upholstery Fabric?
7. Where Can I Buy Upholstery Fabric?
8. What is the Best Fabric for a Sofa
9. Upholstery Fabric for Chairs
"
Does Linen Shrink Or Stretch?,"0. What Is Linen Made Of?
1. Does Linen Shrink?
2. Does Linen Shrink When Washed?
3. Can You Wash 100% Linen?
4. Does Linen Shrink With Every Wash?
5. Does Linen Shrink After Washing?
6. How to Prevent Linens From Shrinking in the Wash
7. Does Linen Shrink In The Dryer?
8. Does Linen Shrink When Dry Cleaned?
9. How To Unshrink Linen
10. Does Linen Cotton Blend Shrink?
11. Does Linen Rayon Blend Shrink?
12. Does Linen Stretch?
13. How to Stretch Linen
14. What is Stretch Linen?
"
Does Hand Sanitizer Stain Clothes?,"1. What is Hand Sanitizer Made From?
2. What Fabrics Can Be Damaged by Hand Sanitizer?
3. How to Get Hand Sanitizer Out of Clothes?
4. Other Liquids That Stain Clothes
"
What Is the Best Fabric for Canopy Beds?,"0. What Is a Canopy Bed?
1. What Types of Canopy Beds Are There?
2. What Type of Fabric for Bed Canopy?
4. How Much Fabric Does a Canopy Bed Need?
5. Can Normal Curtains Be Used for Canopy Beds?
6. Why Make a Canopy Bed: Pros and Cons
"
What Are Different Types of Fleece?,"0. What is Fleece Fabric?
1. How is Fleece Made?
2. Is Fleece Natural or Synthetic?
3. General Characteristics of Fleece
4. What are the Different Types of Fleece?
5. What is the Softest Type of Fleece?
6. What is the Difference Between Fleece and Plush Fleece?
7. What is the Difference Between Fleece and Microfleece?
8. How to Choose Fleece
9. How to Sew Fleece
10. How to Care for Fleece
"
How to Trace a Sewing Pattern Onto Fabric?,"0. Do Sewing Patterns Come With Instructions?
1. How to Properly Lay Out a Sewing Pattern on Fabric
2. How To Trace a Pattern onto Fabric
3. How to Trace a Pattern Onto Tracing Paper
4. What is the Best Fabric Tracing Paper?
5. How Do I Transfer a PDF Pattern to Fabric?
6. How To Use A Sewing Pattern Without Cutting It?
7. How Do You Trace a Multi-Size Pattern?
"
What Is Yarn Dyed Fabric?,"0. What is Yarn-Dyed Fabric?
1. What’s the Difference Between Yarn-Dyed and Piece-Dyed Fabric?
2. What is the Difference Between Fabric and Yarn?
3. Common Uses of Yarn-Dyed Fabric
4. Can You Hand-Dye Fabric Yarns?
"
Does Polyester Fabric Fade in Sunlight or When Washed?,"0. Does Polyester Fade in the Sun?
1. How Long Does It Take for Fabric to Fade in the Sun?
2. How Do You Keep Fabric from Fading in the Sun?
3. How to Restore Sun Faded Fabric
4. Does Polyester Fade When Washed?
5. What Happens if Polyester Gets Wet?
6. Does Polyester Have to Be Dry-Cleaned?
7. How to Fade Polyester Fabric
8. Can You Remove Color from Polyester?
9. Will Bleach Lighten Polyester?
10. Can You Acid Wash Polyester?
"
Does Hydrogen Peroxide Bleach Fabric?,"0. Can You Use Hydrogen Peroxide in Laundry?
1. How to Clean Yellow Hydrogen Peroxide Stains on Clothing
2. Hydrogen Peroxide vs. Chlorine Bleach
"
Does Polyester Bleed?,"0. How Do You Know if Clothes Will Bleed?
1. How Should You Wash Polyester?
2. How to Keep Polyester From Bleeding
3. Does Dry Cleaning Prevent Color Bleeding?
4. Should You Wash New Clothes Before You Wear Them?
"
How To Tell If Fabric Is 100 Cotton?,"0. What Is 100% Cotton?
1. Is 100% Cotton the Same as Pure Cotton?
2. Why Test if Fabric Is 100% Cotton?
3. How to Tell if Fabric Is 100% Cotton With the Burn Test
4. How to Tell if Fabric Is Cotton Without Burning [by Touching]
5. How to Tell if Socks Are 100% Cotton
6. How to Tell if Shirts Are 100% Cotton
7. Which Is Better 100% Cotton or a Polyester Blend?
8. How to Tell if Thread Is Cotton or Polyester
"
What Is the Best Fabric for Yoga Pants?,"0. What Is the Difference Between Yoga Pants and Leggings?
1. Fabric Properties for the Yoga Pants
2. Best Fabrics for Yoga Pants
3. Best Natural Fabrics for Yoga Pants
4. Fabrics to Avoid
5. How to Make Your Own Yoga Pants
6. How to Take Measurements for Yoga Pants
7. Where to Find Yoga Pants Sewing Patterns
"
How Big is a Fat Quarter of Fabric?,"0. What Is a Fat Quarter of Fabric?
1. What is a Fat Quarter Used For?
2. How Do You Cut a Fat Quarter?
3. How Much Does A Fat Quarter of Fabric Cost?
4. What Is a Fat Eighth?
"
Is Viscose Breathable Fabric?,"0. What Is Viscose Fabric?
2. Are Viscose Blends Breathable?
3. Is Viscose Good for Summer?
4. What Garments Does Viscose Work Well For?
"
Is Viscose Stretchy Material?,"0. What Is Viscose and How is It Made?
1. Is 100% Viscose Stretchy?
2. How Much Does Viscose Stretch?
3. Does Viscose Stretch When Washed?
4. Does Viscose Stretch With Wear?
5. Can You Stretch Viscose?
6. How to Stretch Viscose
7. Is Viscose Stretchy in Jeans?
8. Is Polyester Viscose Stretchy?
9. Is Viscose and Linen Stretchy?
10. How to Care for Viscose Clothing
"
What Is the Most Breathable Fabric?,"0. What is Breathable Fabric?
1. Best Breathable Fabrics Comparison Table
2. 12 Most Breathable Fabric Types
3. Most Breathable Fabrics For:
4. Best Fabrics That Don’t Show Sweat When Running
5. What Fabric is Soft and Breathable?
"
What Is the Standard Width of Fabric Bolt?,"0. What Is the Width of Fabric (WOF)?
1. Why Is Fabric Width Important?
2. How to Measure the Width of Fabric
4. How to Find the Width of Fabric Bolts
5. Does the Width Change How Many Yards Are On a Bolt?
6. Is a Bolt Measured the Same Way as a Roll?
7. How Wide Is Fabric Sold by the Yard?
8. How to Make Sure You Get Enough Fabric
9. Fabric Width Conversion Chart
"
Is Polyester Stretchy?,"0. What is Polyester?
1. Is 100% Polyester Stretchy?
2. Does Polyester Fit Well?
3. Polyester Blends: How Stretchy Are They?
4. How to Stretch Polyester Clothes
5. Polyester vs Cotton: Which is more stretchy?
6. Polyester vs Nylon: Which is more stretchy?
"
Does Flannel Shrink?,"1. How Much Does Flannel Shrink?
2. Does Flannel Shrink When Washed?
3. Does Flannel Shrink in the Dryer?
4. How to Unshrink Flannel
5. How to Prevent Flannel From Shrinking?
6. 5 Steps To Wash Flannel Without Shrinking It
"
What Is the Best Fabric for Pants?,"0. What Is the Best Fabric for Dress Pants?
1. What Is the Best Fabric for Casual Pants?
2. What Is the Best Fabric for Cargo Pants?
3. What Is the Best Fabric for Palazzo Pants?
4. What Is the Best Fabric for Stretchy Pants?
5. What Is the Best Fabric for Trousers?
6. How Much Material Do I Need for a Pair of Trousers?
7. How Do I Choose Fabric?
"
Is Silk Fabric Stretchy?,"1. Does Silk Stretch Over Time?
2. Does Silk Stretch When Wet?
3. Does Silk Stretch With Wear?
4. Can You Stretch 100% Silk?
5. How to Stretch Silk Fabric
"
Does Nylon Shrink In the Dryer or When Washed?,"0. Does Nylon Shrink?
1. Does Nylon Shrink In The Dryer?
2. Does Nylon Shrink When Washed?
3. How Much Does Nylon Shrink?
4. Can You Shrink Nylon?
5. How To Shrink Nylon
6. Does Nylon and Polyester Shrink?
7. Does Nylon and Spandex Shrink?
8. Does Cotton Nylon Blend Shrink?
9. In Closing
"
What Is Technical Fabric?,"0. What is Technical Fabric?
1. What is the Purpose of Technical Fabric?
2. Technical Fabric Examples
3. How Are Technical Fabrics Made?
4. What Are the Properties of Technical Fabric?
5. What Are the Advantages of Technical Fabric?
6. What Are the Disadvantages of Technical Fabric?
7. What Is A High Tech Fabric?
"
What Is The Strongest and Durable Fabric Material?,"0. What Is a Strong and Durable Fabric?
1. Most Durable and Strongest Fabric Materials
2. Alternative Strong Fabric Material Types
3. When To Use Strong Fabric Material?
4. What Is the Most Durable Fabric for Clothing?
5. What Is the Strongest Fabric in the World?
6. Is There Bulletproof Fabric?
"
Is Polyester Flammable?,"0. What is Flame Retardant Fabric
1. Is Polyester Flammable
2. Does Polyester Melt?
3. Flammability Ratings for Fabric
4. Dos and Don’ts of Heat Printing on Polyester
5. Can Polyester Fabric Melt in the Dryer?
6. Iron Temperature Setting for Polyester
7. Polyester Safety Tips
"
Does Polyester Shrink in the Washer or Dryer?,"0. Does 100% Polyester Shrink?
1. Does Polyester Shrink In the Washer?
2. Does Polyester Shrink In the Dryer?
3. Do Polyester Blends Shrink in the Wash?
4. How to Shrink Polyester
5. How Much Can You Shrink Polyester?
6. Can You Permanently Shrink Polyester?
7. Does Polyester Shrink When Dry Cleaned?
8. How to Unshrink Polyester
"
Does Cutting Paper Dull Fabric Scissors?,"0. What Are Fabric Scissors?
1. Difference Between Fabric Scissors And Paper Scissors
3. How to Sharpen Fabric Scissors
4. How To Keep Your Scissors Sharp
5. Best Scissors For Cutting Fabric
6. What to Look for When Buying Fabric Scissors
7. Can I Use My Sewing Scissors To Cut Hair?
"
What Color Is Linen?,"0. What Color Is Linen Fabric?
1. What Impacts Linen’s Natural Color?
2. What Colors Go With Natural Linen?
3. What Is the Color of Unbleached Linen?
4. What Color Is Flax Fabric?
5. Does Linen Dye Well?
6. How to Care for Linen Fabrics
"
What is a Pressing Cloth?,"0. What Is a Pressing Cloth?
1. What Is the Difference Between Ironing and Pressing Fabric?
2. Types of Pressing Cloths
3. When to Use a Pressing Cloth
4. Pressing Cloth Substitute
5. What Is the Best Pressing Cloth
"
Is Wool Flammable?,"1. Is Wool Fire Resistant?
2. Is Wool Fire Retardant?
3. Does Wool Burn?
4. What Temperature Does Wool Burn?
5. Can Wool Melt?
6. Does Wool Produce Smoke?
7. What Happens When Wool Burns?
8. How to Keep Wool from Igniting
9. Can you Iron Wool?
10. How Does Wool Compare to Other Flame-Resistant Fabrics?
"
What Is Quilting Fabric?,"0. What is Quilting Fabric?
1. Top 7 Best Types of Fabric for Quilting
2. What Is Double-Faced Quilted Fabric?
3. What Is Pre Quilted Fabric?
4. How to Choose Fabric for a Quilt
5. What Is the Difference Between Cotton and Quilting Cotton?
6. What Fabric is Best for Quilt Backing?
7. Where Can You Buy Quilting Fabric?
"
What Is Pima Cotton Fabric?,"0. What is Pima Cotton Fabric?
1. Where is Pima Cotton Grown?
2. How is Pima Cotton Produced?
3. Key Pima Cotton Properties
4. Pima Cotton Vs Organic Cotton
5. What is the Difference Between Pima and Egyptian Cotton?
6. Pima vs Supima Cotton
7. Pima Cotton Vs Combed Cotton
8. Why is Pima Cotton Better?
9. Popular Uses of Pima Cotton
"
What Is Scuba Fabric?,"0. What is Scuba Fabric?
1. How is Scuba Fabric Made?
2. What Are The Properties of Scuba Fabric?
3. What is Scuba Fabric Good For?
4. How to Sew Scuba Fabric
5. How to Care For Scuba Fabric
6. Popular Products Made from Scuba Fabric
"
What Is Minky Fabric?,"0. What is Minky Fabric?
1. Is Minky Fabric the Same as Cuddle Fabric?
2. What Is Minky Fabric Made Of?
3. Types of Minky Fabric
4. What Are the Properties of Minky Fabric?
5. Is Minky Fabric Safe for Babies?
6. What Is Minky Fabric Used For?
7. How to Sew Minky Fabric
8. How to Care For Minky Fabric
9. Minky vs Fleece: What is the Difference?
10. Where to Buy Minky Fabric?
11. Popular Products Made from Minky Fabric
"
What Is Piqué Knit Fabric?,"0. What Is Pique Knit Fabric?
1. How Is Pique Knit Fabric Made?
2. What Is Piqué Knit Used For?
3. Pique Knit Fabric Characteristics
4. What Is the Difference Between Piqué Knit and Woven Piqué?
5. Piqué Knit vs Jersey Polo
6. Is Piqué Fabric Always Cotton?
7. Tips for Sewing with Piqué Knit
8. Tips for Caring for Piqué Knit
"
Does Wool Shrink In the Dryer or When Washed?,"0. Does 100% Wool Shrink?
1. How Much Does Wool Shrink?
2. Does Wool Shrink When Washed?
3. Does Wool Shrink in the Dryer?
4. Does Wool Shrink When It Gets Wet?
5. Does Merino Wool Shrink?
6. Do Wool Blends Shrink?
7. How to Shrink Wool (On Purpose!)
8. Does Wool Shrink Permanently?
9. Does Dry Cleaning Shrink Wool?
10. How to Wash Wool Without Shrinking It
"
What Is Slub Knit Fabric?,"1. What Is Slub Knit Fabric Made of?
2. What Are the Characteristics of Slub Knit Fabric?
3. Is Slub Knit Fabric Always Cotton?
4. What Is Slub Jersey Knit Fabric?
5. Does Slub Knit Fabric Shrink?
6. Is Slub Knit Stretchy?
7. What Is Slub Knit Fabric Used for?
8. How to Care for Slub Knit Fabric
9. What Is Slub Knit Yarn?
"
What Color is Velvet?,"0. Is Velvet a Color or Fabric?
2. Is Velvet Always Red?
3. Is Velvet a Shade of Blue?
4. What is Black Velvet Color?
5. Most Popular Velvet Fabric Colors
6. Is Velvet a Texture?
7. Velvet Color Code
"
Is Nylon Stretchy?,"0. Is Nylon Stretchy Fabric?
1. How Is Nylon Fabric Made?
2. Does Nylon Stretch Over Time?
3. Can You Stretch Nylon Fabric?
4. How to Stretch Nylon Clothing?
5. Precautions to Take When Stretching Nylon Clothing
6. Can You Stretch Nylon Shoes?
7. Does Nylon Stretch More Than Cotton?
8. Does Nylon and Spandex Stretch Over Time?
9. Is Nylon More Stretchy Than Polyester?
10. What Are the Advantages and Disadvantages of Nylon?
"
What is Power Mesh Fabric?,"0. What Is Power Mesh Fabric?
1. Types of Power Mesh Fabric
2. Power Mesh: A Brief History
3. Power Mesh Fabric: Key Points
4. How Is Power Mesh Fabric Made?
5. How Strong Is Power Mesh?
6. How Is Power Mesh Fabric Used?
7. Power Mesh Fabric by the Yard
8. How to Sew With Power Mesh Fabric
"
What Is Rayon Fabric?,"1. What Is Rayon Made of?
2. How Is Rayon Made?
3. Types of Rayon Fabric
4. What Does Rayon Fabric Feel Like?
5. Characteristics of Rayon
6. What Is Rayon Fabric Used For?
7. Advantages of Rayon
8. Disadvantages of Rayon Fabric
9. Is Rayon Sustainable?
10. How Does Rayon Compare to Cotton?
11. How to Care for Rayon Fabric
12. Tips for Sewing with Rayon Fabric
"
Is Rayon Breathable Fabric?,"0. What Does “Breathable” Mean?
2. Rayon Yarn Construction
3. Rayon Fabric Construction
4. Is Rayon Good for Summer?
5. Does Rayon Wick/Absorb Moisture?
6. Is Rayon More Breathable Than Cotton?
7. Can You Wear Rayon in the Winter?
8. Is Rayon More Breathable Than Polyester?
9. Primary Uses of Rayon
10. Recommended Products
"
Is Rayon Stretchy?,"0. What is Rayon?
2. Does 100% Rayon Stretch?
3. Does Rayon Stretch With Wear?
4. How To Stretch Rayon: 7 Ways
5. Is Rayon Stretchy in Jeans?
6. Is Rayon and Spandex Stretchy?
7. Rayon vs. Cotton vs. Nylon vs. Polyester: Which is Most Stretchy?
"
Does Rayon Shrink In the Dryer or When Washed?,"0. Does Rayon Shrink In The Dryer?
1. Does Rayon Shrink When Washed?
2. Does 100% Rayon Shrink?
3. How Much Does Rayon Shrink?
4. Does Rayon Shrink More Than Once?
5. Can You Shrink Rayon?
6. What Is The Best Way To Shrink Rayon?
7. Does Rayon/Spandex Blend Shrink?
8. How To Unshrink Rayon
"
Does Acrylic Shrink In the Dryer?,"0. What Is Acrylic?
1. Does 100% Acrylic Shrink?
2. How Much Will Acrylic Shrink?
3. Does Acrylic Shrink in the Wash?
4. Does Acrylic Shrink in the Dryer?
5. How to Shrink Acrylic Clothing
6. Alternatives to Shrinking Acrylic Clothing
7. How to Wash Acrylic Sweaters, So They Don’t Shrink
8. How to Shrink Acrylic Yarn
9. How to Unshrink Acrylic
"
What Is Acrylic Fabric?,"1. What is Acrylic Fabric Made Of?
2. Is Acrylic Natural or Synthetic?
3. Acrylic Fabric Properties
4. Is Acrylic Fabric Itchy?
5. Is Acrylic Fabric Stretchy?
6. Is Acrylic the Same as Polyester?
7. Is Acrylic Good For Winter?
8. Is Acrylic Better Than Cotton?
9. Acrylic Fabric Advantages and Disadvantages
10. Is Acrylic Clothing Good or Bad?
11. Acrylic Fabric Uses
12. What is Modacrylic?
"
What Is Tencel Fabric?,"1. What Is Tencel Fabric Made Of?
2. What Is Tencel Lyocell Fabric?
3. Tencel Fabric Properties
4. Is Tencel Fabric Stretchy?
5. Does Tencel Shrink?
6. Is Tencel Breathable?
7. What Is Tencel Fabric Used For?
8. Is Tencel Biodegradable?
9. Is Tencel Fabric Better Than Cotton?
10. Is Tencel Good For Hot Weather? For Winter?
11. What Is Tencel Like to Sew With?
12. Tencel Fabric by the Yard
13. How to Care For Tencel Fabric
14. 100% Tencel Clothing Examples
"
Does Modal Shrink In the Dryer or When Washed?,"0. Does 100% Modal Shrink?
1. How Much Does Modal Shrink?
2. Does Modal Shrink More Than Once?
3. Does Modal Shrink In The Dryer?
4. Does Modal Shrink When Washed?
5. How To Wash Modal So It Doesn’t Shrink?
6. Can You Shrink Modal?
7. How To Shrink Modal Clothes
8. Does Modal/Cotton Blend Shrink?
9. How To Unshrink Modal
"
What Is Nylon Fabric?,"1. What Is Nylon Fabric Made Of?
2. How Is Nylon Made?
3. Types of Nylon Fabric
4. What Does Nylon Feel Like?
5. Nylon Fabric Properties
6. Nylon Fabric Uses
7. What Are the Advantages of Nylon?
8. What Are the Disadvantages of Nylon?
9. Is Nylon the Same as Polyester?
10. What Is Nylon Like to Sew With?
11. Nylon Fabric by the Yard
12. Is Nylon Toxic?
"
Does Viscose Shrink In the Dryer or When Washed?,"0. Does 100% Viscose Shrink?
1. Does Viscose Shrink When Washed?
2. How To Wash Viscose Without Shrinking
3. Does Viscose Shrink in the Dryer?
4. Do Viscose Blends Shrink?
5. How to Shrink a Viscose Dress, Shirt, Pants
6. How To Unshrink Viscose
7. Does Dry Cleaning Shrink Viscose?
"
What Is the Best Swimsuit Material?,"0. What Material Are Swimsuits Made Of?
1. Best Swimsuit Materials
2. What Other Fabrics Can Be Used in Swimwear?
3. Swimwear Lining Fabric
4. What to Consider When Looking For Swimwear Fabric?
5. How Much Fabric Is Needed for a Swimsuit?
6. How Much Fabric for a Bathing Suit?
"
What Is Compression Fabric?,"1. How Do Compression Fabrics Work?
2. Types of Compression Fabric
3. What is Compression Fabric Used For?
4. What Are The Properties of Compression Fabric?
5. How to Care For Compression Fabric
6. Compression Fabric by the Yard
7. Best Compression Fabric
"
Does Lyocell Shrink When Washed?,"0. Does Lyocell Shrink?
1. What Is Lyocell?
2. How Much Does Lyocell Shrink?
4. Does Lyocell Shrink In the Dryer?
5. How To Wash and Dry Lyocell Fabric So It Doesn’t Shrink
6. How To Wash Lyocell
7. How To Dry Lyocell
8. Lyocell Fabric Care
9. How to Shrink Tencel Lyocell
10. What is Tencel Fabric?
11. Shrinking Tencel Lyocell
"
What Is Tricot Fabric?,"1. Is Tricot Fabric Synthetic or Natural Fiber?
2. How Is Tricot Fabric Made?
3. What Are the Advantages of Tricot Fabric
4. What Are the Disadvantages of Tricot Fabric?
5. What Is Tricot Fabric Used For?
6. How Much Is Tricot Fabric per Yard
"
What Is Muslin Fabric?,"1. What Is Muslin Made of?
2. How Is Muslin Made?
3. Types of Muslin Fabric
4. Muslin Fabric Properties
5. What Is Muslin Fabric Used for?
6. Is Muslin Fabric Breathable?
7. Does Muslin Shrink?
8. What Is the Difference Between Muslin and Cotton?
9. Muslin vs Linen
10. How to Care For Muslin Fabric
"
Is Silk Breathable and Good for Hot Weather?,"0. Is Silk Breathable?
1. Types of Silk
2. Is Silk Good for Hot Weather?
3. Does Silk Make You Sweat in The Summer?
4. Is Silk Absorbent?
5. Does Silk Keep You Cool?
6. Is Silk Cooler and More Breathable Than Cotton?
7. What Is The Most Breathable Fabric in Hot Weather?
"
Is Lyocell Stretchy Fabric?,"0. What is Lyocell?
1. Is Lyocell Stretchy?
2. Is Tencel Lyocell Stretchy in Jeans?
3. Does Lyocell Stretch Over Time With Wear?
4. Does Lyocell and Cotton Stretch?
5. Can You Stretch Lyocell?
6. How to Stretch Lyocell
"
What Is Duck Cloth Fabric?,"1. What Is Duck Cloth Made of?
2. How Is Duck Cloth Made?
3. What Are the Properties of Duck Cloth Fabric?
4. What Is Duck Cloth Fabric Used For?
5. What Is Cotton Duck Fabric?
6. What Is Duck Canvas Fabric?
7. Is Duck Material Weatherproof?
8. What Is a Linen Duck?
9. Sewing With Duck Cloth
10. Duck Canvas Fabric by the Yard
11. Where to Buy Canvas Fabric?
12. How to Care for Duck Cloth Fabric
"
Does Benzoyl Peroxide Bleach Clothes?,"1. Does Benzoyl Peroxide Damage Fabric?
2. Can You Remove Benzoyl Peroxide Stains?
3. How to Get Benzoyl Peroxide Stains Out of Clothes
4. How to Avoid Benzoyl Peroxide Stains
5. Does Benzoyl Peroxide Bleach Towels?
6. Does Benzoyl Peroxide Bleach Skin?
"
What Are Pre-Shrunk T-Shirts?,"0. What are Pre-Shrunk T-Shirts?
1. How Much Do 100% Cotton Shirts Shrink?
2. How Do You Pre-Shrink Shirts?
3. Are Preshrunk Shirts True to Size?
4. Do 100% Cotton Preshrunk Shirts Still Shrink?
5. Can You Shrink a Preshrunk Shirt?
6. Does Shrinking a Shirt Ruin the Design?
7. Preshrunk vs Prewashed
8. Best Pre-Shrunk T-Shirts
"
What Is Crepe Fabric?,"0. How Does Crepe Fabric Feel?
1. What Is Crepe Fabric Made Of?
2. Crepe Fabric Characteristics
3. Types Of Crepe Fabric
4. What Is Crepe Fabric Used For?
5. Is Crepe Fabric Good for Summer?
6. Is Crepe Fabric Stretchy?
7. Disadvantages of Crepe Fabric
8. What is Cotton Crepe Fabric?
9. Crepe Fabric by the Yard
"
What Is the Softest Material For Blankets?,"1. What is the Softest Fabric for Baby Blankets?
2. Throw Blankets for the Living Room
3. Soft Blankets for the Bedroom
4. How to Choose the Softest Blanket
5. How to Keep Your Blankets Soft in the Wash
"
What Is Jersey Fabric?,"0. What is Jersey Fabric?
1. What Is Jersey Fabric Made Of?
2. Types of Jersey Fabric
3. What Are The Properties of Jersey Fabric?
4. What Is Jersey Fabric Used For?
5. What Is Cotton Jersey?
6. How to Sew Jersey Fabric
7. How to Care For Jersey Fabric
8. Jersey Fabric by the Yard
"
What Is Canvas Fabric?,"1. What Is Canvas Made of?
2. How Is Canvas Made?
3. What Are the Properties of Canvas Fabric?
4. What Is Canvas Fabric Used For?
5. What Are the Different Types of Canvas?
6. Is Canvas Fabric Waterproof?
7. Is Canvas Breathable?
8. Duck Cloth vs Canvas
9. What’s the Difference Between Cotton and Canvas?
10. Tips for Sewing with Canvas Fabric
11. How to Care for Canvas Fabric
12. Canvas Fabric by the Yard
"
Does Fleece Shrink In the Dryer or When Washed?,"0. Does Fleece Shrink In The Dryer?
1. Does Fleece Shrink When Washed?
2. How To Wash Fleece So It Doesn’t Shrink?
3. Can You Shrink Fleece?
4. How To Shrink Fleece Clothing
5. Will A Fleece Blanket Shrink?
6. How To Unshrink Fleece
"
Does Spandex Shrink In the Dryer or When Washed?,"0. Does Spandex Shrink?
1. What Is Spandex Made of?
2. Does Spandex Shrink When Washed?
3. Does Spandex Shrink In the Dryer?
4. Do Spandex Blends Shrink?
5. How to Wash Spandex Without Shrinking It
6. How to Shrink Spandex
"
What Is Taffeta Fabric?,"1. What Is Taffeta Fabric Made of?
2. How Is Taffeta Made?
3. Taffeta Fabric Characteristics
4. Advantages and Disadvantages of Taffeta Fabric
5. What Is Taffeta Used For?
6. Types of Taffeta Fabric
7. How to Care For Taffeta Fabric
8. Tips for Sewing With Taffeta
9. Taffeta Fabric by the Yard
"
What Is Suede Fabric?,"1. What Is Suede Made Of?
2. How Is Suede Made?
3. What Are the Advantages of Suede?
4. What Are the Disadvantages of Suede?
5. Types of Suede Fabric
6. What’s the Difference Between Suede, Nubuck, and Leather?
7. Caring for Suede
8. What Is Faux Suede?
9. Is Suede Difficult to Work With?
10. Suede Fabric by the Yard
"
What Is Mulberry Silk?,"0. What Is Mulberry Silk Fabric?
1. What Is Mulberry Silk Made Of?
2. How Is Mulberry Silk Made?
3. What Are the Characteristics of Mulberry Silk?
4. Is Mulberry Silk Real Silk?
5. Advantages and Disadvantages of Mulberry Silk
6. What Is Mulberry Silk Used for?
7. Sewing Tips for Mulberry Silk
8. Where to Buy Mulberry Silk Fabric?
9. Mulberry Silk By the Yard
"
What is Woven Fabric?,"1. How Are Woven Fabrics Made?
2. What Are the Characteristics of Woven Fabrics?
3. Woven Fabric Types
4. Examples of Woven Fabrics
5. What Is Woven Fabric Used For?
6. Is Cotton a Woven Fabric?
7. How Can You Tell If Fabric is Woven?
8. Woven Cotton Fabric by the Yard
"
How to Dye Satin Fabric at Home?,"0. Can You Dye Satin Fabric?
1. What Can You Use to Dye Satin?
2. How to Dye Satin Fabric at Home
3. How to Dye a Satin Dress at Home
4. How to Dye Satin Shoes at Home
5. How to Dye Satin Gloves at Home
"
What Is the Standard Throw Blanket Size?,"0. What Is a Throw Blanket?
2. What Size Throw Blanket Is Good for a King Size Bed?
3. Queen Size Throw Blanket
4. Oversized Throw Blanket Dimensions
5. Full Size Blanket Dimensions
6. Throw Sizes for Sofa
7. Throw Blanket Size Chart
8. How Do Throw Blankets Compare to Bed Blankets?
9. How to Choose the Right Throw Blanket
"
How A Shirt Should Fit?,"0. How Can You Tell if Your Shirt Fits or Not?
1. How Should a Shirt Fit: Six Guidelines
2. How a Dress Shirt Should Fit a Man
3. How a Shirt Should Fit a Woman
4. How a T-Shirt Should Fit a Man
5. How a T-Shirt Should Fit a Woman
6. Where Should Shoulder Seam Fall?
7. How Long Should a Shirt Be?
8. How to Tuck in a Shirt So It Fits You
9. How Do You Tell if a Shirt Will Fit Without Trying It On?
"
What Is Dri FIT Material?,"0. What Is Dri-FIT Material?
1. What Is Dri Fit Made Of?
2. Types of Dri-FIT Fabric
3. Does Nike Dri Fit Shrink?
4. Dri-FIT Vs Polyester
5. Dri-FIT Vs Cotton
6. Is Dri-FIT Waterproof?
7. Can You Print on Dri Fit Shirts?
8. What is a Dri-FIT Shirt?
9. Where to Buy Dri-FIT Material
10. How to Wash Dri-FIT Clothes
"
What Is Best Fabric for Sewing Tablecloths?,"0. What Is The Best Fabric for Sewing Tablecloths?
1. Best Tablecloth Material For Different Uses
2. Factors to Consider When Choosing Tablecloth Fabric
3. How Many Yards of Fabric Do You Need for a Tablecloth?
4. How To Make A Tablecloth
5. Fabric for Tablecloths by the Yard
"
What Is Mesh Fabric?,"1. What Is Mesh Made Of?
2. How Is Mesh Fabric Made?
3. Mesh Fabric: Key Points and Properties
4. What Are the Different Types of Mesh Fabric?
5. What Is the Strongest Mesh Material?
6. What Are the Uses of Mesh Fabric?
7. Can You Buy Mesh Fabric by the Yard?
8. How to Sew With Mesh Fabric
"
What Is Twill Fabric?,"0. What is Twill Fabric?
1. What is Twill Fabric Made Of
2. Twill Fabric Properties
3. Is Twill Warm?
4. Twill Fabric Types
5. What Is Cotton Twill Fabric?
6. Twill vs Cotton: Is Twill Better?
7. Twill vs Linen
8. Poplin vs Twill
9. What is Micro Twill Fabric?
10. What is Polyester Twill Fabric?
11. What is Twill Fabric Good For?
"
What Is a Ribbed T Shirt?,"0. What Is a Ribbed T-Shirt?
1. Why Are Ribbed T-Shirts So Comfortable?
2. Undershirts: Why Are They Made From Ribbed Fabric?
3. How Is Ribbed Fabric Made?
4. What Else Is Ribbed Fabric Used For?
5. Ribbed Fabric vs Ribbing
6. Ribbed Fabric for T-Shirts by the Yard
"
What Is Ponte Fabric?,"1. What Is Ponte Knit?
2. What Is Ponte Fabric Made From?
3. Key Ponte Fabric Properties
4. What Are the Benefits of Ponte Fabric?
5. What Is Ponte Fabric Used For
6. Ponte Fabric by the Yard
7. Is Ponte Fabric Easy to Sew?
8. Ponte Knit vs Jersey
9. Caring for Ponte Fabric
"
What Is the Best Fabric for Tie Dye?,"0. Does Tie Dye Work on All Fabric?
1. What is the Best Fabric for Tie Dye?
2. Polycotton Blends
3. Can You Tie-Dye Polyester with Bleach?
4. What is the Best Fabric to Dye?
5. What is the Worst Fabric to Dye?
6. What is the Best Fabric for Tie-Dye Tapestry?
7. Where Can You Buy Cotton for Tie-Dye?
"
How Much Does A Hoodie Weigh?,"0. How Much Do Hoodies Usually Weigh?
1. How Much Does a Hoodie Weigh
2. How Much Does a Thick Hoodie Weigh?
3. How Do You Ship a Hoodie?
4. Average Hoodie Weight
"
How to Get Permanent Marker Out of Clothes?,"0. Can You Get Permanent Marker Out of Fabric?
1. Does Sharpie Wash Out of Clothes?
2. How to Get Permanent Marker Out of Clothes: 10 Methods
3. How Do You Remove Permanent Marker from Colored Clothes?
4. How to Remove Permanent Marker Stains (After Being Washed)
5. How to Get Dried Sharpie Out of Clothes?
6. How to Remove Permanent Marker From Fabric Sofa
"
Does Hot Glue Work on Fabric?,"0. What Is Hot Glue?
1. How Does Hot Glue Work?
3. Can You Use Hot Glue Instead Of Sewing?
4. Do Hot Glue Ruin Clothes?
5. How to Use Hot Glue On Fabric
6. How Long Does It Take for Hot Glue to Dry on Fabric?
7. Can You Use Hot Glue On Fabric And Wash It?
8. Hot Glue vs. Fabric Glue
9. What Is The Best Hot Glue For Fabric?
"
What Are Chino Pants?,"1. What Are Chinos Made Of?
2. Why Are Chinos So Popular?
3. Are Chinos Considered Smart or Casual?
4. Buying Chinos to Fit You and the Occasion
5. Are Chinos Business Casual?
6. Best Chinos Brand
7. Khakis vs Chinos: What’s the Difference?
8. What to Wear With Chinos?
9. Can Women Wear Chinos?
"
Does Silk Shrink In the Dryer?,"0. Does Silk Shrink?
1. Does Silk Shrink in the Dryer?
2. Does Silk Shrink When Washed?
3. How Much Does Silk Shrink?
4. How to Shrink Silk
5. Can You Unshrink Silk?
6. Can You Prevent Silk Shrinking?
7. Can You Prevent Damage to Silk in the Wash?
"
What Is the Rise on Jeans?,"0. What is the Rise on Jeans?
1. What Are Low-Rise Jeans?
2. What Are Mid Rise Jeans?
3. What Are High-Rise Jeans?
4. Low Rise vs Mid Rise vs High Rise Jeans: What’s the Difference?
5. Low Rise vs Mid Rise
6. Low Rise vs High Rise
7. Mid-Rise vs High-Rise
8. How To Measure the Rise on Jeans and Pants
9. Why Do High-Rise Jeans Make Me Look Fat?
10. What Rise is the Best for Jeans?
"
Does Cashmere Shrink In the Dryer or When Washed?,"0. Does Cashmere Shrink When Washed?
1. Does Cashmere Shrink in the Dryer?
2. Does Cashmere Shrink Each Time It Is Washed?
3. How to Shrink Cashmere
4. How to Wash Cashmere So It Doesn’t Shrink
5. Does Cashmere Shrink When Dry Cleaned?
6. Can You Unshrink Cashmere?
"
What Is Chenille Fabric?,"1. How Is Chenille Fabric Made?
2. Chenille Fabric Characteristics
3. What Is Chenille Fabric Used For?
4. Chenille Fabric: Pros and Cons
5. Chenille vs Velvet: What’s the Difference?
6. How to Care For Chenille Fabric
"
How Much Do Jeans Weigh?,"1. How Are Jeans Weighed?
2. Jeans Weight by Brand
3. Do Different Fabrics Change the Weight of Jeans?
4. Stretch Denim vs Nonstretch Denim: Is There a Weight Difference?
5. Are Men’s Jeans Heavier Than Women’s Jeans?
6. Are Pockets a Factor in How Much Jeans Weigh?
7. How Do You Weigh Your Own Jeans
8. Why You Need to Know How Much Jeans Weigh
"
Is Wool Waterproof?,"0. When Is a Fabric Considered Waterproof?
1. Is Wool Water-Repellent?
2. Can You Wear a Wool Coat in the Rain?
3. How to Waterproof Wool Fabric
4. Is Boiled Wool Waterproof?
5. How to Care for Wool
"
What Is the Standard Table Runner Size?,"0. What Is the Standard Size of a Table Runner?
1. What Is a Table Runner?
2. What Size Should Table Runners Be?
3. Should a Table Runner Be Longer Than Your Table?
4. Does a Table Runner Have to Hang Over?
5. Can a Table Runner Be the Same Length as the Table?
6. Table Runner Dimensions
7. What Size Table Runner for a Round Table?
8. Table Runner Sizing Chart
9. How to Measure a Table for a Table Runner?
10. Do You Use Placemats With a Table Runner?
11. Best Table Runners
"
What Is Batting Fabric?,"1. Why Is Batting Fabric Sold by Loft?
2. Different Types of Batting Fabric
3. How to Use Batting Fabric
4. Batting vs Interfacing: What’s the Difference?
5. Can I Use Insulbrite Instead of Batting?
6. Is Batting the Same as Toy Stuffing?
"
What To Do With Old Sewing Machine?,"0. What to Do With an Old Sewing Machine: Key Options
1. Should You Keep Your Old Sewing Machine?
2. Is There Any Value in an Old Sewing Machine?
3. How Do You Sell an Old Sewing Machine?
4. Can You Donate Your Old Sewing Machine?
5. Repurpose an Old Sewing Machine
6. Should You Recycle or Trash Your Old Sewing Machine?
"
What Size Sewing Machine Needle Should I Use?,"0. How Does a Sewing Machine Needle Work?
1. Sewing Machine Needle Chart
3. Do All Sewing Machines Use the Same Needles?
4. How Long Do Sewing Machine Needles Last?
5. Serger Needle Sizes
6. Best Sewing Machine Needles
"
What Is GSM of Fabric?,"0. What is the GSM of Fabric?
1. How to Calculate Fabric GSM
2. Which GSM Fabric is Good?
3. Fabric GSM Chart
4. What is GSM in Cotton Fabric?
5. How to Use Fabric GSM
"
What Is Jacquard Fabric?,"1. History of Jacquard Fabric
2. How Is Jacquard Fabric Made?
3. What are the Different Jacquard Fabrics?
4. What Is Jacquard Fabric Used For?
5. Where to Buy Jacquard Fabric
6. Jacquard Fabric by the Yard
7. How to Care for Jacquard Fabric
"
What Are Raglan Sleeves?,"1. Advantages of Raglan Sleeves
2. What is a Raglan Sleeve T-Shirt?
3. What is Raglan Material?
4. Raglan Sleeve Measurement
5. Types of Raglan Sleeves
6. How to Sew a Raglan Sleeve
7. Raglan Sleeve Pattern [Free]
8. Raglan Sleeve vs Set-In Sleeve: What is the Difference?
9. Raglan Sleeve vs Drop Sleeve
10. T-Shirt Sleeve vs Raglan Sleeve
11. Raglan Sleeve Examples
12. Who Should Wear Raglan Sleeves?
"
How Long to Let Tie Dye Sit Before Washing?,"0. Does Tie-Dye Need to Rest After Dyeing?
2. Can You Let Tie Dye Sit Too Long?
3. Can You Make the Dye Set Faster?
4. How to Rinse Tie-Dye
5. Should Tie-Dye Dry Before Washing?
6. Can You Leave Tie-Dye in the Sun?
"
Is Canvas Waterproof?,"0. Can Canvas Get Wet?
1. Is Canvas Waterproof? Water-Resistant?
2. How to Waterproof Canvas: 5 Methods
3. What Kind of Canvas is Waterproof?
4. How to Waterproof:
5. Best Waterproofing Spray for Canvas Fabric
6. How to Maintain Waterproof Canvas
7. What is the Best Canvas Waterproofing
"
What is A Serger Sewing Machine?,"0. What is a Serger in Sewing?
1. What Does a Serger Do?
2. Serger vs Overlock Machine: What’s the Difference?
3. Different Types of Sergers
4. What’s the Difference Between a Serger and a Sewing Machine?
5. Can You Use a Serger for Regular Sewing?
6. Is it Worth Buying a Serger?
7. How to Choose a Serger
8. How Much Does a Serger Cost?
9. Best Serger Brands
10. Is There a Sewing Machine with a Built-In Serger?
11. Best Serger Sewing Machine
12. How to Use a Serger Sewing Machine
"
Does Borax Bleach Clothes?,"1. What Does Borax Do?
2. How to Use Borax in Laundry
3. Can You Use Borax Instead of Laundry Detergent?
4. Can You Use Borax Instead of Other Laundry Add-Ins?
5. Can You Mix Bleach and Borax?
6. Is Borax Safe for Laundry?
7. Can You Use Borax on Colored Clothes?
"
What Is Viscose Fabric?,"1. What Is Viscose Made Of?
2. How Is Viscose Fabric Made?
3. What Does Viscose Feel Like?
4. Is Viscose Stretchy?
5. Viscose Fabric Properties
6. Viscose: Pros and Cons
7. Viscose vs Polyester vs Cotton: Which Is Better?
8. Viscose Fabric Uses
9. Is Viscose Good for Summer?
10. Is Viscose a Sustainable Fabric?
11. How to Care For Viscose Fabric
"
Is Chiffon Stretchy Fabric?,"0. Is Chiffon Stretchy?
1. Does Polyester Chiffon Stretch?
2. How to Stretch Chiffon
3. Can You Sew Chiffon With a Non-Stretch Lining?
4. What is Stretch Chiffon?
5. What is the Best Way to Sew Chiffon?
"
Does Satin Shrink?,"1. Does Satin Shrink in Wash?
2. Does Satin Shrink in the Dryer?
3. How to Shrink Satin
4. How to Unshrink Satin
"
How Long Does It Take To Tailor a Suit?,"0. What Is Tailoring a Suit?
1. Where Can I Get My Suit Tailored?
2. How Long Does It Take to Tailor a Suit?
3. How Quickly Can a Suit Be Tailored?
4. How Much Does It Cost to Tailor a Suit?
5. Can You Tailor a Suit to Be Bigger?
6. How to Find a Suit Tailor Near Me?
7. Simple Ways to Tailor a Suit Yourself
8. Is Tailoring Worth It?
"
How Many Jelly Rolls To Make A Quilt?,"0. What Is a Jelly Roll?
1. Other Names for Jelly Rolls
2. How Many Jelly Rolls to Make a Quilt?
3. How to Make a Jelly Roll Quilt
4. What Else Can You Make With a Jelly Roll?
"
What Is Polypropylene Fabric?,"0. What is Polypropylene Fabric?
1. What is Polypropylene Made of?
2. Properties of Polypropylene Fabric
3. What is Polypropylene Fabric Used For?
4. Can Polypropylene Fabric be Washed?
5. Is Polypropylene Waterproof?
6. Is Polypropylene Good for Upholstery?
7. Are Polypropylene Fabrics Safe?
8. Is Polypropylene the Same as Polyester?
9. What Is PP Cotton?
10. Is Polypropylene Like Nylon?
11. Pros and Cons of Polypropylene Material
12. Polypropylene Fabric by the Yard
"
What Is 4 Way Stretch Fabric?,"0. What Is a 4-Way Stretch Fabric?
1. How Can You Tell If Fabric Has 4-Way Stretch?
2. What Is 4-Way Stretch Fabric Used For?
3. 2 Way vs 4-Way Stretch Fabric: What’s the Difference?
4. Examples of 4-Way Stretch Fabric
5. How Do You Sew 4-Way Stretch Fabric?
6. 4-Way Stretch Fabric By the Yard
"
What Is a Bobbin?,"0. What is a Bobbin on a Sewing Machine?
1. What Is a Bobbin Used For?
2. Why Do Sewing Machines Have Bobbins?
3. Different Types of Sewing Machine Bobbins
4. Do All Sewing Machines Have Bobbins?
5. Are Sewing Machine Bobbins Universal?
6. Bobbin Sizes Chart
7. Can You Sew Without a Bobbin?
8. Bobbin vs Spool: What is the Difference?
9. What is a Bobbin Winder?
10. Troubleshooting Bobbin Problems
11. Where to Buy Bobbins
"
What Is Acetate Fabric?,"1. How Is Acetate Fabric Made?
2. What Are the Uses of Acetate Fabric?
3. Acetate Fabric: Characteristics
4. Advantages and Disadvantages of Acetate Fabric
5. Caring for Acetate Fabric
"
What Is Seam Binding?,"0. What is Seam Binding in Sewing?
1. What Do You Use Seam Binding For?
2. Common Products for Binding Seams
3. How to Use Seam Binding
4. What Is Straight Seam Binding?
5. How Do You Sew Seam Binding Around Corners?
6. Can You Finish Raw Edges of Fabric By Hand?
7. Are Hem Tape and Seam Binding the Same Thing?
8. Seam Binding vs Bias Tape
9. Seam Binding Substitute
"
What Is Interfacing in Sewing?,"0. What is Interfacing in Sewing?
1. Do You Have to Use Interfacing?
2. When to Use Interfacing
3. Types of Interfacing in Sewing
4. Does Interfacing Make Fabric Stiff
5. How to Choose the Right Interfacing For Your Project
6. How to Use Fusible Interfacing
7. How to Use Sew-In Interfacing
8. Should I Pre-Wash My Interfacing?
9. Does Interfacing Soften When Washed?
10. Interfacing Substitute
11. Fabric Stabilizer vs Interfacing
"
What Temperature to Wash Clothes?,"0. Does Water Temperature Matter When You Wash Your Clothes?
1. What Happens If You Wash Clothes at the Wrong Temperature?
2. What Temperature To Wash Clothes
3. How to Pick the Right Wash Temperature for:
4. What Temperature to Wash Jeans?
5. What Happens If You Wash Clothes in Cold Water Instead of Warm?
6. What Temp Should You Wash Towels?
7. Will Washing in Hot Water Ruin Clothes?
8. What Temperature Should You Use to Wash Cotton?
"
What Is Screen Printing?,"0. What is Screen Printing on Shirts?
1. How Does Screen Printing Work?
2. What is Screen Printing Used for?
3. Types of Screen Printing
4. What Materials are Used in Screen Printing?
5. Step by Step Screen Printing Process
6. Screen Printing Advantages and Disadvantages
7. How Long Does Screen Printing Take?
8. Screen Printing Cost per Shirt
9. How Long Does Screen Printing Last?
10. What is a Screen Printer?
11. How to Use a Screen Printing Machine for T-Shirts
12. Best T-Shirt Fabric for Screen Printing
13. How to Tell if a Shirt is Screen Printed?
14. Silk Printing vs Screen Printing
15. Screen Printing vs Heat Press
16. Screen Printing for Beginners
"
What Is the Highest Thread Count for Sheets?,"0. What Is Thread Count In Bed Sheets?
1. Does Thread Count Really Matter?
2. Is Higher Thread Count Better in Sheets?
4. What is the Best Thread Count for Sheets?
5. What Thread Count Sheets do Hotels Use?
6. When to Ignore the Thread Count
7. What Is the Best Thread Count for Egyptian Cotton Sheets?
8. What Thread Count Is Coolest?
"
What are Cropped Jeans?,"0. What Are Cropped Jeans?
1. What is the Difference Between Cropped and Regular Jeans?
2. Why Are Jeans Cropped?
3. How to Wear Cropped Jeans: 5 Style Tips
4. How Short Should Cropped Jeans Be?
5. Are Cropped Jeans in Style in 2022?
6. How to Wear Cropped Jeans in Winter
7. What is the Difference Between Cropped Jeans and Capris?
"
What Is Sublimation Printing?,"0. What is Sublimation Printing on Shirts?
1. How Does Sublimation Printing Work?
2. What is Sublimation Printing Used For?
3. Types of Sublimation Printing
4. What Do I Need to Do Sublimation Printing?
5. Sublimation Printing Process Step-by-Step
6. Benefits of Sublimation Printing
7. Sublimation Printing at Home
8. How Long Does Sublimation Printing Last?
9. Can a Regular Printer Print Sublimation?
10. What is the Difference Between Sublimation Printing and Regular Printing?
11. Which is Better, Sublimation or Heat Transfer?
12. Can You Use a Cricut for Sublimation?
13. Best Fabric for Sublimation Printing
14. Sublimation for Beginners
"
What Colors Go With Purple Clothes?,"0. Why Are Purple Clothes So Popular?
1. Purple and the Color Wheel
3. What Color Goes With Light Purple Clothes?
4. Purple and White Outfits
5. What Color Goes With Dark Purple Clothes?
6. Purple and Black Combination Dress
7. Can You Wear Purple and Green Together?
8. Do Pink and Purple Go Together?
9. Purple and Brown Clothing Combination
10. What to Wear With Purple Dress to Wedding
11. Colors to Avoid With Purple Clothes
12. Styling Purple Outfits: 4 Tips
"
What Colors Go With Brown Clothes?,"0. What Colors Go with Brown Clothes?
1. What Colors Match With Light Brown Clothes?
2. How to Style a Brown Top
3. What to Wear With Brown Pants / Skirts / Leggings
4. Brown and Pink Outfits
5. What Jewelry Goes Best with Brown?
6. What Colors Go Best With Brown?
"
What Is a Fabric Medium?,"0. What is a Fabric Medium?
1. Do You Have to Use Fabric Medium?
2. What Can I Use as a Fabric Medium?
3. How to Use Fabric Medium
4. Is Fabric Medium the Same as Acrylic Medium?
5. Can I Use Acrylic Paint on Fabric Without Medium?
6. Does Fabric Medium Change the Color of Acrylic Paint?
7. What Is the Best Fabric Medium?
"
What Is Basting in Sewing?,"0. What is Basting in Sewing?
1. How to Sew Basting Stitch: 5 Methods
2. When to Use Basting Stitch
3. How to Remove Basting Stitch
4. Basting Stitch Sewing Machine Settings
5. What is the Difference Between Basting and Running Stitch?
6. Is Basting in Sewing Necessary?
"
How Much Does It Cost to Hem Pants?,"0. Different Types of Hems for Pants
1. How Much it Costs to Hem Pants
2. Costs For Other Alterations
3. How Much Can Tailors Shorten Pants?
4. How Long Does It Take To Hem Pants?
5. Cost to Hem Pants at Dry Cleaners
6. How to Hem Pants on Your Own
7. How Much Does Hemming Jeans Cost?
8. What Is the Average Cost to Hem Pants?
"
What Is Quilt Binding?,"0. What is Quilt Binding?
1. Quilt Binding Options
2. How to Make Binding for a Quilt
3. How to Bind a Quilt: 4 Steps
4. Do You Bind a Quilt Before Quilting It?
5. How Much Binding Do I Need for a Quilt?
6. How Wide to Cut Quilt Binding
7. Can You Make a Quilt Without Binding?
"
How Much Does a Load of Laundry Cost at a Laundromat?,"1. Cost of Doing Laundry at Home
2. Doing Laundry at Home Vs. Doing Laundry at the Laundromat
3. How Long Does It Take To Do Laundry at a Laundromat?
4. Are Laundromat Machines Better?
5. How Much Does It Cost to Dry Clothes at a Laundromat?
6. How to Reduce the Cost of Doing Laundry
"
How Much Are Sewing Machines?,"0. Sewing Machine Average Prices
1. How Much are Sewing Machines?
2. How Much Does a Singer Sewing Machine Cost?
3. Brother Sewing Machine Prices
4. What Should You Expect to Pay for a Juki Sewing Machine?
5. What to Pay for a Bernina/Bernette Sewing Machine
6. Most Expensive Sewing Machine
7. Best Inexpensive Sewing Machines
8. Industrial Sewing Machine Price
9. How Much Should a Beginner Spend on a Sewing Machine?
10. Where to Buy a Sewing Machine
"
What Is Selvage in Sewing?,"0. What is Selvage in Sewing?
1. What is the Purpose of the Fabric Selvage?
2. How to Find the Selvage of Fabric
3. Is the Selvage Edge Always Straight?
4. Does the Width of Fabric Include Selvage?
5. Do You Have to Cut the Selvage Off of Fabric?
6. What Does it Mean to Cut Selvage to Selvage?
7. What Do the Colored Dots on the Selvage Mean?
8. What is a Selvage Quilt?
9. Other Projects to Make with Selvage Strips
"
What Color Shirt Goes With Khaki Pants?,"0. What’s the Difference Between Khaki and Beige?
2. How to Style Khaki
3. Does Khaki Go with Black?
"
What Is the Standard Pillow Size?,"0. Are All Bed Pillows the Same Size?
1. How Are Pillow Sizes Measured?
2. Standard Pillow Size Chart
3. What Are the Common Pillow Sizes?
4. Why Does Pillow Size Matter?
5. How to Choose the Right Pillow Size
6. How Do I Know My Pillow Size?
7. Do Queen Size Pillows Fit Inside Standard Cases?
"
What Color Shirt Goes With Navy Blue Pants?,"0. What Color Shirt Goes with Navy Blue Pants?
1. Style Tips for Navy Pants
2. Can You Wear Black with Navy?
3. Shoes to Wear with Navy Blue Pants
"
Why Does My Clothes Smell After Washing?,"0. Why Do My Clothes Smell After Washing: 8 Reasons
1. Why Do My Clothes Smell Like “Wet Dog?”
2. How To Remove Bad Smell From Clothes After Washing
3. Why Do Clothes Smell After Drying?
"
How Long Should Dress Pants Be?,"1. What is the Pant Break?
2. How Long Should Pants Be Without Shoes?
3. Where Should Dress Pants Fall on Ankle?
4. How Should Dress Pants Fit While Sitting?
5. How Long Should Suit Pants Be?
6. How Do You Know if Your Pants Are Too Long?
7. What Is The Right Pant Length?
"
What Color Tie Goes with Navy Suit?,"0. What Color Tie Goes with a Navy Suit?
1. Should a Tie Be Darker than Your Suit?
2. How Do You Match a Tie with a Suit and Shirt?
"
Is A Polo Shirt Business Casual?,"0. What Counts as Business Casual?
1. Is a Polo Shirt Business Casual?
2. Can You Wear a Polo to a Job Interview?
3. When Is It Appropriate to Wear a Polo Shirt?
4. Can You Wear a Polo Shirt to the Office?
5. Do You Have to Tuck In Your Shirt for Business Casual?
6. What Kind of Pants Go With Polo Shirts?
7. Are Jeans and Polo Shirt Business Casual?
8. Best Business Casual Polos
9. What Kind of Shirts Are Business Casual?
"
What Color Shirts Go With Black Pants?,"1. What to Wear With Black Jeans?
2. Style Tips For Black Pants
3. Does Brown Go With Black Pants?
4. How to Style Black Pants For Guys
"
How Much Does It Cost to Tailor Pants?,"0. What Types of Alterations Can Be Made to Pants?
1. Pants Alteration Price Chart
3. How Long Does It Take To Tailor Pants?
4. How Much Does It Cost to Get Jeans Tailored?
5. How Much Does It Cost to Take Pleats Out of Pants?
6. Can a Tailor Taper Pants?
7. Is It Worth It to Tailor Pants?
"
What Colors Go With Beige Clothes?,"0. Why Are Beige Clothes So Popular?
1. Beige and the Color Wheel
3. Colors To Avoid With Beige
4. What Color Matches Beige Pants?
5. Do Blue and Beige Go Together?
6. Does Beige Go With Black Clothes?
7. Do Gray and Beige Clothes Go Together?
8. What is the Difference Between Beige and Khaki?
"
Why Is Designer Clothing So Expensive?,"0. What Are Designer Clothes?
1. Why Is Designer Clothing So Expensive? 8 Factors
2. Why Do People Wear Expensive Brands?
3. Do Designer Clothes Last Longer?
4. How To Tell If Designer Clothes Are Worth The Price
5. Is It Worth Buying Designer Clothing?
"
